frameId,radarRoi,radarSize,radarState,radarID,
0 ,0.000000 0.000000 0.000000 0.000000   0.000000 0.000000 0.000000 0.000000   ,0.000000 0.000000   0.000000 0.000000   ,0 0 ,0 0 ,
1 ,0.000000 0.000000 0.000000 0.000000   0.000000 0.000000 0.000000 0.000000   ,0.000000 0.000000   0.000000 0.000000   ,0 0 ,0 0 ,
2 ,0.000000 0.000000 0.000000 0.000000   14.085057 -5.482941 -2.822289 0.676843   ,0.000000 0.000000   2.442339 2.247154   ,0 2 ,0 1 ,
3 ,0.000000 0.000000 0.000000 0.000000   0.000000 0.000000 0.000000 0.000000   0.000000 0.000000 0.000000 0.000000   13.802829 -5.415257 -2.822289 0.676843   ,0.000000 0.000000   0.000000 0.000000   0.000000 0.000000   2.442339 2.247154   ,0 0 0 2 ,0 0 0 1 ,
4 ,0.000000 0.000000 0.000000 0.000000   0.000000 0.000000 0.000000 0.000000   0.000000 0.000000 0.000000 0.000000   ,0.000000 0.000000   0.000000 0.000000   0.000000 0.000000   ,0 0 0 ,0 0 0 ,
5 ,0.000000 0.000000 0.000000 0.000000   0.000000 0.000000 0.000000 0.000000   ,0.000000 0.000000   0.000000 0.000000   ,0 0 ,0 0 ,
6 ,6.215997 -1.791722 5.009807 -2.094988   ,3.324846 5.269303   ,2 ,5 ,
7 ,6.673703 -1.241652 5.223156 -1.509783   ,2.655942 4.693660   ,2 ,5 ,
8 ,6.974225 -0.695445 5.605364 -0.747583   ,2.226374 3.990583   ,2 ,5 ,
9 ,8.557803 -0.827573 7.655681 -0.356429   ,2.840637 2.133905   ,2 ,5 ,
10 ,9.169537 -0.239847 8.007689 0.797162   ,2.870789 2.347404   ,2 ,5 ,
11 ,9.866261 0.218549 8.351327 1.595295   ,2.569438 1.622638   ,2 ,5 ,
12 ,10.529821 0.569303 8.303922 1.959820   ,2.607332 1.017629   ,2 ,5 ,
13 ,11.282175 0.888190 8.246305 2.202728   ,2.030621 2.609772   ,2 ,5 ,
14 ,12.030600 1.181386 8.125545 2.329270   ,2.445944 2.919698   ,2 ,5 ,
15 ,12.878706 1.461722 8.175966 2.422363   ,0.731197 0.537500   ,2 ,5 ,
16 ,13.686274 1.735989 8.139500 2.473933   ,0.699508 2.733325   ,2 ,5 ,
17 ,0.000000 0.000000 0.000000 0.000000   14.476933 1.991178 8.082496 2.481782   ,0.000000 0.000000   0.820156 2.786393   ,0 2 ,0 5 ,
18 ,0.000000 0.000000 0.000000 0.000000   15.521960 2.272369 8.531620 2.563982   ,0.000000 0.000000   0.807580 0.917821   ,0 2 ,0 5 ,
19 ,0.000000 0.000000 0.000000 0.000000   3.098315 -2.886285 1.792716 -1.917093   16.422575 2.561010 8.645489 2.623282   ,0.000000 0.000000   2.167487 3.561891   0.860008 2.362823   ,0 2 2 ,0 9 5 ,
20 ,3.431936 -2.709990 2.101292 -1.796861   17.287125 2.823339 8.645489 2.623282   ,5.914631 1.588063   0.860008 2.362823   ,2 2 ,9 5 ,
21 ,3.840254 -2.309062 2.642784 -1.502824   ,5.628607 4.067119   ,2 ,9 ,
22 ,0.000000 0.000000 0.000000 0.000000   0.000000 0.000000 0.000000 0.000000   4.352894 -1.888685 3.599046 -1.136742   ,0.000000 0.000000   0.000000 0.000000   3.599092 2.079613   ,0 0 2 ,0 0 9 ,
23 ,0.000000 0.000000 0.000000 0.000000   0.000000 0.000000 0.000000 0.000000   4.872287 -1.385111 4.494123 -0.650744   ,0.000000 0.000000   0.000000 0.000000   4.335785 4.764389   ,0 0 2 ,0 0 9 ,
24 ,0.000000 0.000000 0.000000 0.000000   24.167898 7.661610 8.609454 2.749829   4.981559 -0.584821 4.774832 -0.064945   ,0.000000 0.000000   0.811769 0.694557   3.469007 3.750976   ,0 2 2 ,0 11 9 ,
25 ,25.029011 7.935927 8.609505 2.749529   5.461070 -0.113412 5.442346 0.497443   ,0.573652 0.514374   3.424978 3.611638   ,2 2 ,11 9 ,
26 ,25.873867 8.261873 8.600699 2.777129   6.522232 0.006420 6.266150 0.901220   ,0.758411 1.129589   3.375070 1.743427   ,2 2 ,11 9 ,
27 ,0.000000 0.000000 0.000000 0.000000   26.713766 8.556635 8.539080 2.769988   8.884272 0.241870 8.643214 1.944120   ,0.000000 0.000000   0.391401 1.860961   3.280776 1.925470   ,0 2 2 ,0 11 9 ,
28 ,0.000000 0.000000 0.000000 0.000000   27.552610 8.866000 8.512228 2.786486   9.789456 0.554290 8.699746 2.241456   ,0.000000 0.000000   0.710451 0.980909   3.426213 2.539049   ,0 2 2 ,0 11 9 ,
29 ,28.387299 9.213057 8.518800 2.842884   10.826760 0.856376 8.980595 2.466056   ,0.924749 1.450470   3.199490 2.240123   ,2 2 ,11 9 ,
30 ,0.000000 0.000000 0.000000 0.000000   0.000000 0.000000 0.000000 0.000000   0.000000 0.000000 0.000000 0.000000   29.239178 9.497345 8.518800 2.842884   11.724820 1.102982 8.980595 2.466056   ,0.000000 0.000000   0.000000 0.000000   0.000000 0.000000   0.924749 1.450470   3.199490 2.240123   ,0 0 0 2 2 ,0 0 0 11 9 ,
31 ,0.000000 0.000000 0.000000 0.000000   0.000000 0.000000 0.000000 0.000000   0.000000 0.000000 0.000000 0.000000   ,0.000000 0.000000   0.000000 0.000000   0.000000 0.000000   ,0 0 0 ,0 0 0 ,
32 ,0.000000 0.000000 0.000000 0.000000   2.081863 -2.872572 0.789050 -0.520172   34.778275 12.518180 7.996886 2.877485   19.232204 4.144087 9.151278 2.012260   ,0.000000 0.000000   1.330119 3.188073   0.471989 0.594680   0.989254 2.565770   ,0 2 2 2 ,0 19 18 17 ,
33 ,0.000000 0.000000 0.000000 0.000000   2.918745 -2.335771 1.445726 -0.275380   35.577965 12.805928 7.996886 2.877485   20.095835 4.594398 9.120153 2.146382   ,0.000000 0.000000   6.060170 2.166022   0.471989 0.594680   0.842361 0.961944   ,0 2 2 2 ,0 19 18 17 ,
34 ,0.000000 0.000000 0.000000 0.000000   0.000000 0.000000 0.000000 0.000000   3.304498 -0.978744 2.249780 0.268936   21.007851 4.809036 9.120153 2.146382   ,0.000000 0.000000   0.000000 0.000000   3.478166 5.254374   0.842361 0.961944   ,0 0 2 2 ,0 0 19 17 ,
35 ,0.000000 0.000000 0.000000 0.000000   0.000000 0.000000 0.000000 0.000000   0.000000 0.000000 0.000000 0.000000   3.353656 -0.348694 2.838068 0.594954   ,0.000000 0.000000   0.000000 0.000000   0.000000 0.000000   3.332086 4.618548   ,0 0 0 2 ,0 0 0 19 ,
36 ,0.000000 0.000000 0.000000 0.000000   41.348778 14.564982 7.172857 2.524851   26.180553 8.854007 8.437421 2.843871   3.637463 -0.289199 2.838068 0.594954   ,0.000000 0.000000   0.630276 0.807879   3.330118 1.746910   3.332086 4.618548   ,0 2 2 2 ,0 23 22 19 ,
37 ,0.000000 0.000000 0.000000 0.000000   42.063007 14.783634 7.113226 2.490921   27.004177 9.128415 8.337333 2.803660   ,0.000000 0.000000   0.877640 1.215588   2.803093 1.761619   ,0 2 2 ,0 23 22 ,
38 ,9.648043 0.655965 5.887233 0.335656   42.774330 15.032726 7.113226 2.490921   27.811739 9.400307 8.213470 2.761645   ,3.399811 2.186858   0.877640 1.215588   3.140814 1.746194   ,2 2 2 ,25 23 22 ,
39 ,11.489673 0.918114 9.309853 0.962343   28.584787 9.683795 8.016356 2.709036   ,3.309988 2.382834   2.406754 1.367514   ,2 2 ,25 22 ,
40 ,12.340649 1.145786 9.179430 1.276708   29.345871 9.922653 7.814664 2.626939   ,3.028109 2.438410   2.839220 2.054353   ,2 2 ,25 22 ,
41 ,13.205929 1.392674 9.099622 1.551080   30.111441 10.185259 7.749722 2.608945   ,2.530822 3.501150   3.227657 1.854544   ,2 2 ,25 22 ,
42 ,14.129791 1.579401 9.149753 1.622794   30.890709 10.492883 7.811347 2.661808   ,2.900135 3.486763   1.032024 0.773847   ,2 2 ,25 22 ,
43 ,15.045888 1.812710 9.160448 1.757593   31.671844 10.759064 7.811347 2.661808   ,3.609211 2.914446   1.032024 0.773847   ,2 2 ,25 22 ,
44 ,0.000000 0.000000 0.000000 0.000000   0.000000 0.000000 0.000000 0.000000   0.000000 0.000000 0.000000 0.000000   0.000000 0.000000 0.000000 0.000000   0.000000 0.000000 0.000000 0.000000   0.000000 0.000000 0.000000 0.000000   15.961933 1.988469 9.160448 1.757593   ,0.000000 0.000000   0.000000 0.000000   0.000000 0.000000   0.000000 0.000000   0.000000 0.000000   0.000000 0.000000   3.609211 2.914446   ,0 0 0 0 0 0 2 ,0 0 0 0 0 0 25 ,
45 ,0.000000 0.000000 0.000000 0.000000   0.000000 0.000000 0.000000 0.000000   0.000000 0.000000 0.000000 0.000000   ,0.000000 0.000000   0.000000 0.000000   0.000000 0.000000   ,0 0 0 ,0 0 0 ,
46 ,40.128147 14.784970 5.542958 2.039450   24.824411 7.462544 7.960807 2.390980   6.915539 -0.905209 6.082811 -1.278781   ,1.438335 1.212886   1.320868 2.197779   2.756065 4.731658   ,2 2 2 ,30 27 26 ,
47 ,40.635551 14.968349 5.323589 1.959193   25.604065 7.658442 7.845632 2.331956   8.054687 -0.747740 7.961340 -0.851507   ,0.651672 0.238551   0.931372 3.358678   1.440032 2.894349   ,2 2 2 ,30 27 26 ,
48 ,41.145161 15.110688 5.151731 1.874920   26.307774 7.966107 7.574775 2.310251   8.556013 -0.246917 8.032685 0.027031   ,0.961246 2.251043   0.907492 0.871327   1.642761 1.361869   ,2 2 2 ,30 27 26 ,
49 ,41.660049 15.289345 5.139422 1.866013   27.011030 8.202470 7.349192 2.241621   9.256998 -0.087478 8.133346 0.356078   ,0.705795 1.166628   0.935135 0.736138   1.969884 1.947817   ,2 2 2 ,30 27 26 ,
50 ,42.102238 15.451061 4.812815 1.749516   27.670834 8.464945 7.073757 2.193493   9.856400 0.286456 8.085060 1.105458   ,0.329910 0.120764   0.865211 0.284634   2.524885 1.230837   ,2 2 2 ,30 27 26 ,
51 ,42.583519 15.626013 4.812815 1.749516   28.322710 8.700311 6.861018 2.145109   10.651789 0.658888 8.289217 1.730069   ,0.329910 0.120764   0.618265 0.681814   1.132829 0.618801   ,2 2 2 ,30 27 26 ,
52 ,28.927544 8.913241 6.509371 2.046819   11.597965 1.060604 8.651046 2.281074   ,1.109850 2.440825   1.023133 0.514083   ,2 2 ,27 26 ,
53 ,0.000000 0.000000 0.000000 0.000000   29.531349 9.176037 6.364647 2.055661   12.319630 1.376208 8.376385 2.407004   ,0.000000 0.000000   0.974361 0.752460   0.503922 1.700626   ,0 2 2 ,0 27 26 ,
54 ,0.000000 0.000000 0.000000 0.000000   0.000000 0.000000 0.000000 0.000000   0.000000 0.000000 0.000000 0.000000   30.167814 9.381603 6.364647 2.055661   13.157269 1.616908 8.376385 2.407004   ,0.000000 0.000000   0.000000 0.000000   0.000000 0.000000   0.974361 0.752460   0.503922 1.700626   ,0 0 0 2 2 ,0 0 0 27 26 ,
55 ,0.000000 0.000000 0.000000 0.000000   0.000000 0.000000 0.000000 0.000000   0.000000 0.000000 0.000000 0.000000   ,0.000000 0.000000   0.000000 0.000000   0.000000 0.000000   ,0 0 0 ,0 0 0 ,
56 ,37.751102 12.483361 4.064473 1.352435   23.390366 6.600867 6.897076 1.917598   10.125051 0.892760 7.443210 0.484688   ,0.328316 0.899986   1.168564 0.949965   2.811657 1.727866   ,2 2 2 ,35 34 33 ,
57 ,38.119766 12.656456 3.955912 1.334135   24.023996 6.843626 6.702013 1.858861   10.981145 0.846629 7.580591 0.321913   ,0.316113 1.021632   1.007957 0.920993   4.250418 2.436800   ,2 2 2 ,35 34 33 ,
58 ,0.000000 0.000000 0.000000 0.000000   38.424236 12.817913 3.615507 1.239160   24.694197 7.029512 6.702013 1.858861   11.739204 0.878820 7.580591 0.321913   ,0.000000 0.000000   0.183289 0.067093   1.007957 0.920993   4.250418 2.436800   ,0 2 2 2 ,0 35 34 33 ,
59 ,0.000000 0.000000 0.000000 0.000000   0.000000 0.000000 0.000000 0.000000   38.739796 12.982297 3.476423 1.218732   ,0.000000 0.000000   0.000000 0.000000   0.445461 1.542009   ,0 0 2 ,0 0 35 ,
60 ,0.000000 0.000000 0.000000 0.000000   17.226444 2.591446 6.108654 0.848630   39.060242 13.116102 3.380225 1.195966   ,0.000000 0.000000   3.386642 2.822896   0.555927 0.828395   ,0 2 2 ,0 36 35 ,
61 ,0.000000 0.000000 0.000000 0.000000   17.773411 2.700034 5.855093 0.853914   39.368690 13.242359 3.267342 1.166376   ,0.000000 0.000000   3.381151 3.211617   0.559078 0.918553   ,0 2 2 ,0 36 35 ,
62 ,18.271280 2.943045 5.569799 0.969520   39.665966 13.390182 3.179040 1.161924   ,3.880962 1.621396   0.341732 0.977242   ,2 2 ,36 35 ,
63 ,0.000000 0.000000 0.000000 0.000000   18.725353 3.054043 5.139124 0.881416   39.963524 13.512381 3.094197 1.140030   ,0.000000 0.000000   3.014927 1.771167   0.268257 0.862439   ,0 2 2 ,0 36 35 ,
64 ,0.000000 0.000000 0.000000 0.000000   19.195072 3.115246 4.925765 0.814181   40.261135 13.657785 3.073403 1.155980   ,0.000000 0.000000   3.206013 1.284579   0.403656 0.805107   ,0 2 2 ,0 36 35 ,
65 ,0.000000 0.000000 0.000000 0.000000   0.000000 0.000000 0.000000 0.000000   19.630222 3.221419 4.693954 0.819629   40.564396 13.709947 2.974394 1.080066   ,0.000000 0.000000   0.000000 0.000000   0.679556 1.682533   0.258419 1.235106   ,0 0 2 2 ,0 0 36 35 ,
66 ,0.000000 0.000000 0.000000 0.000000   2.192062 -3.141003 0.575499 -0.830156   20.092682 3.108318 4.551504 0.548594   40.852570 13.844006 2.959218 1.093876   ,0.000000 0.000000   1.500714 4.005769   3.491528 1.091192   0.887005 2.083926   ,0 2 2 2 ,0 39 36 35 ,
67 ,0.000000 0.000000 0.000000 0.000000   0.000000 0.000000 0.000000 0.000000   2.601787 -3.197126 1.147874 -1.217115   20.478975 3.296275 4.307869 0.704526   41.105587 14.001496 2.826660 1.087529   ,0.000000 0.000000   0.000000 0.000000   1.941257 2.126392   0.813845 1.943642   0.597935 1.200798   ,0 0 2 2 2 ,0 0 39 36 35 ,
68 ,0.000000 0.000000 0.000000 0.000000   0.000000 0.000000 0.000000 0.000000   3.095590 -3.159569 1.901693 -1.275081   20.883709 3.414701 4.221741 0.753507   41.388252 14.110250 2.826660 1.087529   ,0.000000 0.000000   0.000000 0.000000   2.082474 3.243540   0.821899 2.330946   0.597935 1.200798   ,0 0 2 2 2 ,0 0 39 36 35 ,
69 ,3.861255 -2.762023 3.118823 -0.947163   21.237364 3.630543 3.987743 0.891765   ,5.307808 4.648868   1.258759 6.721760   ,2 2 ,39 36 ,
70 ,0.000000 0.000000 0.000000 0.000000   4.173137 -2.856739 3.118823 -0.947163   21.499886 3.686838 3.358864 0.754318   ,0.000000 0.000000   5.307808 4.648868   0.884867 4.091102   ,0 2 2 ,0 39 36 ,
71 ,0.000000 0.000000 0.000000 0.000000   0.000000 0.000000 0.000000 0.000000   2.826222 -3.689164 -0.780801 -1.958155   21.835772 3.762270 3.358864 0.754318   ,0.000000 0.000000   0.000000 0.000000   0.636313 0.686170   0.884867 4.091102   ,0 0 2 2 ,0 0 39 36 ,
72 ,0.000000 0.000000 0.000000 0.000000   9.938599 0.125169 5.267424 0.428374   2.945238 -3.496330 -0.540149 -1.283883   ,0.000000 0.000000   0.723368 2.084815   0.863382 0.616537   ,0 2 2 ,0 46 39 ,
73 ,0.000000 0.000000 0.000000 0.000000   0.000000 0.000000 0.000000 0.000000   26.698864 7.820079 2.922911 0.870541   10.320835 0.271668 5.098469 0.543443   2.854043 -3.743186 -0.516548 -1.563347   ,0.000000 0.000000   0.000000 0.000000   0.230433 0.533078   0.854175 2.036843   1.306681 0.659318   ,0 0 2 2 2 ,0 0 47 46 39 ,
74 ,26.978537 7.861399 2.826278 0.821206   10.658691 0.541213 4.983504 1.097859   2.856654 -4.060614 -0.386496 -2.079081   ,1.488480 3.910664   0.759969 1.042147   2.021597 0.850343   ,2 2 2 ,47 46 39 ,
75 ,0.000000 0.000000 0.000000 0.000000   27.238329 8.018382 2.813982 0.861584   11.084610 0.710331 4.857783 1.230250   2.992387 -4.321535 -0.171913 -2.352871   ,0.000000 0.000000   1.432844 3.223242   0.725804 2.473263   2.214590 1.325216   ,0 2 2 2 ,0 47 46 39 ,
76 ,0.000000 0.000000 0.000000 0.000000   27.498791 8.171183 2.801520 0.903140   11.552095 0.808862 4.757051 1.159992   3.230460 -4.540828 0.118488 -2.447298   ,0.000000 0.000000   0.982243 2.396467   0.795568 3.257926   2.345437 1.610103   ,0 2 2 2 ,0 47 46 39 ,
77 ,0.000000 0.000000 0.000000 0.000000   27.752138 8.350340 2.783170 0.963792   11.922840 1.064893 4.474669 1.439649   3.543557 -4.742882 0.502711 -2.546361   ,0.000000 0.000000   0.525387 0.687391   2.948283 0.884979   2.580061 2.034953   ,0 2 2 2 ,0 47 46 39 ,
78 ,0.000000 0.000000 0.000000 0.000000   27.964764 8.517435 2.583266 0.957147   12.370307 1.208858 4.474669 1.439649   3.593828 -4.997519 0.502711 -2.546361   ,0.000000 0.000000   1.106653 5.133573   2.948283 0.884979   2.580061 2.034953   ,0 2 2 2 ,0 47 46 39 ,
79 ,0.000000 0.000000 0.000000 0.000000   28.182144 8.716353 2.517430 1.021011   12.642857 1.341920 3.923631 1.377386   ,0.000000 0.000000   0.422956 1.340218   0.734097 0.812592   ,0 2 2 ,0 47 46 ,
80 ,0.000000 0.000000 0.000000 0.000000   7.486944 -0.806607 3.417940 -0.243446   28.356199 8.898239 2.281573 1.011593   13.035220 1.479658 3.923631 1.377386   ,0.000000 0.000000   2.818305 1.982988   0.897268 3.097885   0.734097 0.812592   ,0 2 2 2 ,0 53 47 46 ,
81 ,0.000000 0.000000 0.000000 0.000000   7.898046 -0.762110 3.797203 -0.011147   28.580700 8.947816 2.209319 0.945022   ,0.000000 0.000000   2.968855 2.083054   0.735939 2.255332   ,0 2 2 ,0 53 47 ,
82 ,0.000000 0.000000 0.000000 0.000000   19.271801 2.698064 3.761033 0.564335   8.154517 -0.522095 3.855748 0.489440   28.801632 9.042318 2.209319 0.945022   ,0.000000 0.000000   2.447947 2.493255   3.673928 4.620510   0.735939 2.255332   ,0 2 2 2 ,0 54 53 47 ,
83 ,0.000000 0.000000 0.000000 0.000000   19.638536 2.795533 3.741046 0.592544   8.352975 -0.355182 3.554338 0.679854   ,0.000000 0.000000   2.525322 2.803641   3.186128 1.896067   ,0 2 2 ,0 54 53 ,
84 ,0.000000 0.000000 0.000000 0.000000   0.000000 0.000000 0.000000 0.000000   19.991142 2.961159 3.701267 0.698871   8.682359 -0.140817 3.613046 1.043970   ,0.000000 0.000000   0.000000 0.000000   0.865345 0.792190   1.283170 1.628130   ,0 0 2 2 ,0 0 54 53 ,
85 ,0.000000 0.000000 0.000000 0.000000   0.000000 0.000000 0.000000 0.000000   30.197277 14.116113 2.000033 0.879568   20.316433 3.121023 3.544880 0.779167   8.963001 0.096318 3.448730 1.344087   ,0.000000 0.000000   0.000000 0.000000   1.003187 1.599891   1.105911 1.724067   2.371658 2.395715   ,0 0 2 2 2 ,0 0 56 54 53 ,
86 ,0.000000 0.000000 0.000000 0.000000   2.929853 -2.847549 1.690882 -1.517244   30.397280 14.204069 2.000033 0.879568   20.620556 3.288916 3.361104 0.862938   9.259767 0.392475 3.365256 1.696245   ,0.000000 0.000000   2.558568 1.938284   1.003187 1.599891   0.827892 0.864357   3.003480 3.070258   ,0 2 2 2 2 ,0 57 56 54 53 ,
87 ,0.000000 0.000000 0.000000 0.000000   0.000000 0.000000 0.000000 0.000000   3.237231 -2.619851 1.810574 -1.385959   20.956667 3.375210 3.361104 0.862938   9.538446 0.637869 3.255681 1.839434   ,0.000000 0.000000   0.000000 0.000000   2.117549 1.811490   0.827892 0.864357   0.695306 2.546333   ,0 0 2 2 2 ,0 0 57 54 53 ,
88 ,0.000000 0.000000 0.000000 0.000000   33.763550 11.304800 2.030788 0.701202   3.535132 -2.362031 2.088837 -1.191890   9.705213 0.870753 2.882662 1.894883   ,0.000000 0.000000   0.294769 1.336298   2.141002 1.551126   0.699698 0.718330   ,0 2 2 2 ,0 59 57 53 ,
89 ,24.347727 5.088957 2.711893 0.566810   33.947704 11.392824 1.975467 0.690319   3.842944 -2.006898 2.493509 -0.901773   10.117692 1.164861 3.144584 2.112159   ,0.596039 2.834951   0.266987 0.719716   4.911257 4.579280   0.667433 0.558085   ,2 2 2 2 ,60 59 57 53 ,
90 ,24.590277 5.198862 2.627728 0.578728   34.154644 11.465851 2.013533 0.704489   4.075181 -1.810246 2.637052 -0.726546   10.444389 1.349057 3.106314 2.062509   ,0.696405 1.587251   0.190411 1.037988   4.462238 5.182875   0.933745 0.533891   ,2 2 2 2 ,60 59 57 53 ,
91 ,24.868414 5.229996 2.668775 0.570185   34.368145 11.532702 2.056471 0.714992   4.265058 -1.763250 2.547204 -0.673411   10.775267 1.462368 3.135441 1.915964   ,0.290056 2.193305   0.318359 1.134469   2.485567 1.572146   0.500433 0.744453   ,2 2 2 2 ,60 59 57 53 ,
92 ,25.097704 5.423886 2.602141 0.664860   34.552387 11.626113 1.992681 0.711069   4.448366 -1.684910 2.456997 -0.557085   11.087328 1.629634 3.102185 1.873167   ,0.700676 1.731124   0.229359 1.838937   1.729909 1.335123   0.279566 0.344610   ,2 2 2 2 ,60 59 57 53 ,
93 ,25.365599 5.460486 2.607600 0.639854   34.749893 11.697904 1.982122 0.708174   4.695604 -1.391482 2.597488 -0.167950   11.359898 1.813461 2.904841 1.839435   ,0.248377 2.159150   0.316196 0.977243   0.669398 1.554405   0.624247 2.549505   ,2 2 2 2 ,60 59 57 53 ,
94 ,0.000000 0.000000 0.000000 0.000000   25.622288 5.501478 2.565073 0.610699   34.951714 11.759274 1.982236 0.701163   4.879465 -1.173302 2.595510 0.079483   11.650382 1.997405 2.904841 1.839435   ,0.000000 0.000000   0.328821 1.402838   0.548920 0.985375   0.795675 2.101920   0.624247 2.549505   ,0 2 2 2 2 ,0 60 59 57 53 ,
95 ,0.000000 0.000000 0.000000 0.000000   25.878796 5.562548 2.565073 0.610699   35.154423 11.848337 2.019177 0.725338   5.232293 -1.076089 2.813909 0.245299   ,0.000000 0.000000   0.328821 1.402838   0.464706 0.802820   2.569258 2.172776   ,0 2 2 2 ,0 60 59 57 ,
96 ,18.507702 2.459475 2.733975 0.420626   26.103218 5.846643 2.571285 0.825279   35.365074 11.921732 2.051686 0.735148   5.685590 -0.874799 3.187510 0.581369   ,0.736992 1.007359   0.095221 0.768511   0.744209 1.351604   0.966801 0.489580   ,2 2 2 2 ,61 60 59 57 ,
97 ,18.739735 2.459694 2.538059 0.372313   26.349243 5.966536 2.543979 0.853786   35.637608 12.059613 2.399438 0.881798   5.941695 -0.680507 3.109883 0.792157   ,0.812586 0.632663   1.061600 3.272069   0.273449 1.883153   0.665837 1.325643   ,2 2 2 2 ,61 60 59 57 ,
98 ,0.000000 0.000000 0.000000 0.000000   18.928331 2.554995 2.263122 0.421790   26.590591 5.998282 2.434726 0.778758   35.863056 12.222655 2.424845 0.944606   6.262754 -0.520662 3.110764 0.959367   ,0.000000 0.000000   0.818506 0.986209   0.370306 1.092644   0.771492 1.227064   0.898543 4.796778   ,0 2 2 2 2 ,0 61 60 59 57 ,
99 ,0.000000 0.000000 0.000000 0.000000   0.000000 0.000000 0.000000 0.000000   19.112284 2.609431 2.093838 0.418463   26.834064 6.076158 2.434726 0.778758   36.181755 12.445512 2.826055 1.158447   6.642707 -0.284003 3.171776 1.275479   ,0.000000 0.000000   0.000000 0.000000   0.778563 0.427227   0.370306 1.092644   0.310947 1.174114   0.815255 4.304939   ,0 0 2 2 2 2 ,0 0 61 60 59 57 ,
100 ,0.000000 0.000000 0.000000 0.000000   0.000000 0.000000 0.000000 0.000000   0.000000 0.000000 0.000000 0.000000   0.000000 0.000000 0.000000 0.000000   2.596917 -2.455928 0.996835 -0.157342   19.294577 2.757895 2.006919 0.565437   36.464359 12.561357 2.826055 1.158447   6.959885 -0.156455 3.171776 1.275479   ,0.000000 0.000000   0.000000 0.000000   0.000000 0.000000   0.000000 0.000000   1.798972 5.026287   0.709942 0.481486   0.310947 1.174114   0.815255 4.304939   ,0 0 0 0 2 2 2 2 ,0 0 0 0 62 61 59 57 ,
101 ,0.000000 0.000000 0.000000 0.000000   0.000000 0.000000 0.000000 0.000000   0.000000 0.000000 0.000000 0.000000   0.000000 0.000000 0.000000 0.000000   0.000000 0.000000 0.000000 0.000000   3.032195 -1.997239 2.259874 0.214538   19.516605 2.775929 2.060119 0.515444   ,0.000000 0.000000   0.000000 0.000000   0.000000 0.000000   0.000000 0.000000   0.000000 0.000000   2.190013 1.158126   0.642017 0.894461   ,0 0 0 0 0 2 2 ,0 0 0 0 0 62 61 ,
102 ,12.964722 0.998875 2.735682 0.551441   41.800880 14.492165 3.869848 1.352781   3.282651 -1.900061 2.399322 0.269691   19.735456 2.895987 2.143204 0.623037   ,3.048381 1.717866   0.571678 1.472368   2.094435 1.738917   0.791439 0.653030   ,2 2 2 2 ,1 0 62 61 ,
103 ,0.000000 0.000000 0.000000 0.000000   0.000000 0.000000 0.000000 0.000000   13.212416 1.188363 2.559507 0.833644   42.191628 14.638546 3.899159 1.367417   3.525570 -1.800179 2.460733 0.304904   19.944185 3.000885 2.128851 0.679928   ,0.000000 0.000000   0.000000 0.000000   0.587053 0.652963   0.525982 0.843112   2.703969 1.902311   0.838301 2.089734   ,0 0 2 2 2 2 ,0 0 1 0 62 61 ,
104 ,0.000000 0.000000 0.000000 0.000000   13.386478 1.309679 2.187678 0.858243   42.665447 14.807917 4.279273 1.504155   3.718525 -1.642812 2.404434 0.345224   20.289968 3.244442 2.739878 0.989741   ,0.000000 0.000000   0.722669 0.716522   1.042336 2.067661   2.553645 4.157685   0.694372 0.591225   ,0 2 2 2 2 ,0 1 0 62 61 ,
105 ,0.000000 0.000000 0.000000 0.000000   0.000000 0.000000 0.000000 0.000000   32.092342 9.789042 3.598552 1.112330   13.605247 1.395503 2.187678 0.858243   43.097488 14.996235 4.340199 1.544995   3.839363 -1.278392 2.330954 0.518023   20.587326 3.488174 2.918437 1.201088   ,0.000000 0.000000   0.000000 0.000000   0.936724 1.820028   0.722669 0.716522   0.183285 0.067094   8.413589 6.255260   0.882792 1.904886   ,0 0 2 2 2 2 2 ,0 0 6 1 0 62 61 ,
106 ,32.516899 9.961242 3.925976 1.245665   43.563358 15.202669 4.528999 1.637375   3.984975 -0.988966 2.316693 0.670666   20.912720 3.728078 3.126989 1.379816   ,0.319012 0.697353   0.183285 0.067093   8.827168 4.611256   0.968204 0.780709   ,2 2 2 2 ,6 0 62 61 ,
107 ,0.000000 0.000000 0.000000 0.000000   0.000000 0.000000 0.000000 0.000000   32.981285 10.189312 4.318526 1.420585   44.016258 15.366406 4.528999 1.637375   4.158989 -0.919962 2.163179 0.633068   21.225418 3.866060 3.126989 1.379816   ,0.000000 0.000000   0.000000 0.000000   1.090977 1.433334   0.183285 0.067093   4.182025 4.721740   0.968204 0.780709   ,0 0 2 2 2 2 ,0 0 6 0 62 61 ,
108 ,0.000000 0.000000 0.000000 0.000000   0.000000 0.000000 0.000000 0.000000   33.408745 10.393065 4.365997 1.474519   4.465123 -1.032160 2.214978 0.489276   ,0.000000 0.000000   0.000000 0.000000   0.537621 0.952845   3.607326 2.169962   ,0 0 2 2 ,0 0 6 62 ,
109 ,15.808920 1.972439 2.104734 0.314691   25.491369 6.037259 3.748545 0.844697   33.880035 10.540152 4.497894 1.514941   4.743717 -1.089247 2.309275 0.377101   ,0.542624 1.338257   0.558910 1.452187   0.780689 1.534989   2.763410 2.195844   ,2 2 2 2 ,12 5 6 62 ,
110 ,16.016205 1.836171 1.997699 0.113568   25.903608 6.236672 4.010005 0.924927   34.295715 10.783042 4.443169 1.564752   4.911183 -1.093807 2.142572 0.318658   ,0.643785 3.138086   0.793291 3.754624   0.767811 1.443869   2.218462 1.700526   ,2 2 2 2 ,12 5 6 62 ,
111 ,0.000000 0.000000 0.000000 0.000000   0.000000 0.000000 0.000000 0.000000   16.259756 1.905178 2.174666 0.196561   26.428963 6.402810 4.594993 1.120416   34.740032 10.939517 4.443169 1.564752   5.186395 -0.946128 2.197148 0.503430   ,0.000000 0.000000   0.000000 0.000000   0.535376 0.067451   0.421877 1.550745   0.767811 1.443869   4.288146 2.142020   ,0 0 2 2 2 2 ,0 0 12 5 6 62 ,
112 ,0.000000 0.000000 0.000000 0.000000   16.506321 1.982323 2.295299 0.299963   26.969982 6.730299 5.093560 1.394181   5.479183 -0.770779 2.305255 0.707057   ,0.000000 0.000000   2.884333 0.971820   0.543663 1.622413   3.324405 1.997698   ,0 2 2 2 ,0 12 5 62 ,
113 ,0.000000 0.000000 0.000000 0.000000   39.008438 12.707471 4.933187 1.623623   16.803234 2.079843 2.592603 0.443390   27.479338 6.869718 5.093560 1.394181   5.824027 -0.533136 2.515956 1.006818   ,0.000000 0.000000   0.687389 1.334002   0.403513 0.685789   0.543663 1.622413   3.068793 1.759004   ,0 2 2 2 2 ,0 13 12 5 62 ,
114 ,0.000000 0.000000 0.000000 0.000000   39.501759 12.869833 4.933187 1.623623   17.085625 2.188577 2.702937 0.562873   6.178745 -0.316092 2.740624 1.244197   ,0.000000 0.000000   0.687389 1.334002   0.449553 0.788216   2.214679 1.509575   ,0 2 2 2 ,0 13 12 62 ,
115 ,30.600538 10.043724 5.476070 1.800557   17.338863 2.230027 2.586462 0.524642   6.246894 -0.269036 2.208502 1.041280   ,0.628256 1.172002   1.545473 1.825075   0.739540 1.228669   ,2 2 2 ,15 12 62 ,
116 ,31.158497 10.238593 5.537277 1.825982   17.741959 2.426809 3.173527 0.797358   6.288299 -0.238338 1.749759 0.871728   ,0.726364 0.782539   0.496822 0.726629   1.994547 4.091270   ,2 2 2 ,15 12 62 ,
117 ,31.710552 10.411949 5.515430 1.814249   18.104898 2.584692 3.396369 0.937248   6.442324 -0.233311 1.729764 0.722921   ,0.391396 0.930141   0.492979 1.730166   1.393661 1.395213   ,2 2 2 ,15 12 62 ,
118 ,0.000000 0.000000 0.000000 0.000000   32.247002 10.640800 5.502526 1.839945   18.497652 2.753676 3.648355 1.070462   6.532485 -0.308871 1.620948 0.468673   ,0.000000 0.000000   0.424110 1.673237   0.469292 0.696336   1.120982 2.106751   ,0 2 2 2 ,0 15 12 62 ,
119 ,32.791256 10.903555 5.552288 1.908491   18.938246 2.952270 4.014389 1.236244   6.636292 -0.475993 1.710867 0.132090   ,0.354664 1.205915   0.264265 0.902695   1.264500 2.014800   ,2 2 2 ,15 12 62 ,
120 ,0.000000 0.000000 0.000000 0.000000   33.297173 11.129771 5.373831 1.876028   19.339685 3.075894 4.014389 1.236244   6.714839 -0.654331 1.674631 -0.145319   ,0.000000 0.000000   0.524086 0.913878   0.264265 0.902695   3.026524 4.906768   ,0 2 2 2 ,0 15 12 62 ,
121 ,0.000000 0.000000 0.000000 0.000000   33.831718 11.344203 5.379680 1.897328   6.811854 -0.894020 1.735403 -0.450349   ,0.000000 0.000000   0.495216 0.728429   3.867023 1.932004   ,0 2 2 ,0 15 62 ,
122 ,0.000000 0.000000 0.000000 0.000000   23.239450 5.261916 5.044328 1.314211   34.369686 11.533936 5.379680 1.897328   6.898480 -1.141611 1.738921 -0.706276   ,0.000000 0.000000   0.739719 1.106005   0.495216 0.728429   1.848632 1.635549   ,0 2 2 2 ,0 9 15 62 ,
123 ,0.000000 0.000000 0.000000 0.000000   23.784088 5.733732 5.508436 1.722493   6.981520 -1.383930 1.715338 -0.909402   ,0.000000 0.000000   0.538544 0.670922   2.150259 1.813144   ,0 2 2 ,0 9 62 ,
124 ,0.000000 0.000000 0.000000 0.000000   24.314981 6.080679 5.574391 1.872255   7.048234 -1.619244 1.628220 -1.062572   ,0.000000 0.000000   0.432961 1.762019   2.082607 1.718475   ,0 2 2 ,0 9 62 ,
125 ,0.000000 0.000000 0.000000 0.000000   0.000000 0.000000 0.000000 0.000000   41.115662 15.528388 5.547206 2.070511   24.872421 6.267905 5.574391 1.872255   7.040072 -1.878566 1.448117 -1.202705   ,0.000000 0.000000   0.000000 0.000000   0.953865 2.586102   0.432961 1.762019   5.761981 2.211543   ,0 0 2 2 2 ,0 0 20 9 62 ,
126 ,0.000000 0.000000 0.000000 0.000000   0.000000 0.000000 0.000000 0.000000   41.708836 15.735410 5.701338 2.113691   7.059881 -2.095811 1.325257 -1.284389   ,0.000000 0.000000   0.000000 0.000000   0.645302 1.132433   2.581446 1.967087   ,0 0 2 2 ,0 0 20 62 ,
127 ,15.367769 1.841828 3.859530 0.395464   28.607721 9.403018 6.122824 2.016497   42.293404 15.919524 5.719139 2.104703   7.119661 -2.283152 1.238958 -1.327297   ,0.713712 1.095932   0.382807 1.271424   0.267689 1.281869   4.550318 2.432969   ,2 2 2 2 ,21 18 20 62 ,
128 ,15.833840 1.982341 4.231160 0.463225   29.228115 9.691933 6.250656 2.097144   42.865318 16.129995 5.719139 2.104703   7.418259 -2.188266 1.542349 -1.171346   ,0.636099 0.766389   0.183287 0.067093   0.267689 1.281869   1.541728 1.500964   ,2 2 2 2 ,21 18 20 62 ,
129 ,16.309528 2.136878 4.496867 0.646277   29.879824 9.907330 6.352467 2.135028   7.666601 -2.009526 1.620126 -0.877969   ,0.682373 1.451022   0.185406 0.060993   0.693268 1.355899   ,2 2 2 ,21 18 62 ,
130 ,16.776995 2.223107 4.588867 0.695197   30.511621 10.122996 6.334093 2.130644   7.830886 -2.017251 1.656312 -0.801321   ,0.472374 2.058789   0.640503 0.852547   1.033991 1.728133   ,2 2 2 ,21 18 62 ,
131 ,17.217031 2.422835 4.575507 0.908796   31.144567 10.365577 6.361915 2.158741   7.998315 -2.081416 1.710069 -0.796110   ,0.385683 2.306550   0.487560 0.716057   0.714903 1.283667   ,2 2 2 ,21 18 62 ,
132 ,17.705936 2.711191 4.836905 1.266243   31.783587 10.581649 6.368083 2.160408   8.188296 -2.037333 1.756324 -0.662338   ,0.570642 1.280039   1.048882 2.267109   2.559685 4.836061   ,2 2 2 ,21 18 62 ,
133 ,0.000000 0.000000 0.000000 0.000000   18.220663 2.800616 4.937647 1.227371   32.420395 10.797689 6.368083 2.160408   8.496124 -1.611681 2.023769 -0.125101   ,0.000000 0.000000   1.096453 3.054311   1.048882 2.267109   4.622646 4.585990   ,0 2 2 2 ,0 21 18 62 ,
134 ,0.000000 0.000000 0.000000 0.000000   18.799719 2.874393 5.254374 1.198323   8.845586 -1.110313 2.577904 0.428229   ,0.000000 0.000000   0.921028 4.124342   0.590265 1.267700   ,0 2 2 ,0 21 62 ,
135 ,37.171284 12.946494 6.187870 2.153307   19.342646 3.045025 5.351442 1.277050   9.083739 -0.960337 2.642713 0.560422   ,1.038380 1.721221   1.014128 2.755275   2.342504 1.895316   ,2 2 2 ,17 21 62 ,
136 ,37.787643 13.164601 6.182054 2.152768   19.873720 3.380145 5.445130 1.549882   9.365262 -0.709045 2.869738 0.829930   ,0.485989 0.817307   2.751400 2.468470   5.060802 4.167010   ,2 2 2 ,17 21 62 ,
137 ,0.000000 0.000000 0.000000 0.000000   38.393131 13.401170 6.156089 2.156065   20.414618 3.662434 5.503984 1.711199   9.641842 -0.394840 3.058148 1.171730   ,0.000000 0.000000   0.238110 1.171827   1.870241 4.145776   2.341413 4.084832   ,0 2 2 2 ,0 17 21 62 ,
138 ,0.000000 0.000000 0.000000 0.000000   0.000000 0.000000 0.000000 0.000000   39.046078 13.568227 6.247725 2.155550   20.965015 3.833554 5.503984 1.711199   9.963658 -0.179072 3.202283 1.325605   ,0.000000 0.000000   0.000000 0.000000   0.851429 6.415151   1.870241 4.145776   0.747226 4.783298   ,0 0 2 2 2 ,0 0 17 21 62 ,
139 ,0.000000 0.000000 0.000000 0.000000   0.000000 0.000000 0.000000 0.000000   2.045748 -3.010523 0.208031 -0.275391   39.611992 13.797477 6.058871 2.111567   10.453341 -0.070640 3.640402 1.302533   ,0.000000 0.000000   0.000000 0.000000   1.056527 0.849022   0.453259 1.196569   0.590703 1.412291   ,0 0 2 2 2 ,0 0 24 17 62 ,
140 ,0.000000 0.000000 0.000000 0.000000   0.000000 0.000000 0.000000 0.000000   2.649271 -2.718686 0.852074 -0.308507   40.217880 14.008634 6.058871 2.111567   10.846497 0.309446 3.829882 1.719698   ,0.000000 0.000000   0.000000 0.000000   1.651597 1.204141   0.453259 1.196569   2.944118 1.031458   ,0 0 2 2 2 ,0 0 24 17 62 ,
141 ,0.000000 0.000000 0.000000 0.000000   0.000000 0.000000 0.000000 0.000000   2.949228 -2.449662 1.356850 -0.081464   11.617833 0.732633 4.962351 2.196311   ,0.000000 0.000000   0.000000 0.000000   1.608472 3.816293   0.745338 0.714379   ,0 0 2 2 ,0 0 24 62 ,
142 ,0.000000 0.000000 0.000000 0.000000   0.000000 0.000000 0.000000 0.000000   0.000000 0.000000 0.000000 0.000000   0.000000 0.000000 0.000000 0.000000   3.432133 -1.703859 2.388966 0.474321   12.114068 0.952264 4.962351 2.196311   ,0.000000 0.000000   0.000000 0.000000   0.000000 0.000000   0.000000 0.000000   2.647650 1.742258   0.745338 0.714379   ,0 0 0 0 2 2 ,0 0 0 0 24 62 ,
143 ,0.000000 0.000000 0.000000 0.000000   0.000000 0.000000 0.000000 0.000000   0.000000 0.000000 0.000000 0.000000   3.662014 -1.043602 3.104156 0.956079   ,0.000000 0.000000   0.000000 0.000000   0.000000 0.000000   0.656289 1.331064   ,0 0 0 2 ,0 0 0 24 ,
144 ,0.000000 0.000000 0.000000 0.000000   0.000000 0.000000 0.000000 0.000000   7.426343 -7.388402 -1.362049 0.843253   0.000000 0.000000 0.000000 0.000000   38.921593 14.003333 6.890062 2.479979   3.606237 -0.338093 3.277386 1.227828   ,0.000000 0.000000   0.000000 0.000000   2.401990 1.893394   0.000000 0.000000   0.740131 1.656262   2.631675 3.864097   ,0 0 2 0 2 2 ,0 0 31 0 28 24 ,
145 ,0.000000 0.000000 0.000000 0.000000   0.000000 0.000000 0.000000 0.000000   0.000000 0.000000 0.000000 0.000000   7.290139 -7.304076 -1.362049 0.843253   39.610600 14.251331 6.890062 2.479979   3.933976 -0.215311 3.277386 1.227828   ,0.000000 0.000000   0.000000 0.000000   0.000000 0.000000   2.401990 1.893394   0.740131 1.656262   2.631675 3.864097   ,0 0 0 2 2 2 ,0 0 0 31 28 24 ,
146 ,0.000000 0.000000 0.000000 0.000000   0.000000 0.000000 0.000000 0.000000   ,0.000000 0.000000   0.000000 0.000000   ,0 0 ,0 0 ,
147 ,10.657866 1.115128 5.562072 0.593461   32.960896 10.407818 8.904176 2.812415   ,0.738538 0.899264   0.457439 1.396184   ,2 2 ,33 26 ,
148 ,11.232259 1.082355 5.540095 0.411376   33.853294 10.745665 8.978885 2.859947   ,0.777031 1.313744   0.534874 3.285725   ,2 2 ,33 26 ,
149 ,11.795395 1.235781 5.599022 0.674630   34.728275 11.059352 8.914787 2.855029   ,0.785443 0.892078   0.695351 4.052541   ,2 2 ,33 26 ,
150 ,12.396599 1.356644 5.794885 0.816994   35.654064 11.431936 9.145193 2.977036   ,0.475215 0.901533   0.391579 0.773389   ,2 2 ,33 26 ,
151 ,0.000000 0.000000 0.000000 0.000000   12.962720 1.471338 5.759448 0.886132   36.569706 11.737465 9.158545 2.986480   ,0.000000 0.000000   0.824544 2.133446   0.789978 0.872200   ,0 2 2 ,0 33 26 ,
152 ,0.000000 0.000000 0.000000 0.000000   0.000000 0.000000 0.000000 0.000000   0.000000 0.000000 0.000000 0.000000   13.659938 1.662771 6.213662 1.119054   37.498600 12.073054 9.251577 3.038781   ,0.000000 0.000000   0.000000 0.000000   0.000000 0.000000   0.856285 1.541850   0.404701 1.305967   ,0 0 0 2 2 ,0 0 0 33 26 ,
153 ,0.000000 0.000000 0.000000 0.000000   21.819620 -2.333645 -12.528800 1.156479   14.337242 1.875565 6.459966 1.321220   38.406883 12.433169 9.240088 3.076370   ,0.000000 0.000000   3.221344 1.503476   0.744794 1.803561   0.773594 2.044785   ,0 2 2 2 ,0 34 33 26 ,
154 ,0.000000 0.000000 0.000000 0.000000   1.789791 -2.163715 0.265280 -0.467993   20.566740 -2.217997 -12.528800 1.156479   14.983239 2.007688 6.459966 1.321220   39.328335 12.844581 9.340039 3.183114   ,0.000000 0.000000   1.221954 0.559749   3.221344 1.503476   0.744794 1.803561   0.183285 0.067093   ,0 2 2 2 2 ,0 37 34 33 26 ,
155 ,0.000000 0.000000 0.000000 0.000000   0.000000 0.000000 0.000000 0.000000   2.004518 -2.356829 0.146352 -1.338115   15.620970 2.159213 6.409896 1.344070   40.262341 13.162892 9.340039 3.183114   ,0.000000 0.000000   0.000000 0.000000   1.255674 0.621231   2.040705 3.762212   0.183285 0.067093   ,0 0 2 2 2 ,0 0 37 33 26 ,
156 ,0.000000 0.000000 0.000000 0.000000   0.000000 0.000000 0.000000 0.000000   2.109203 -2.538188 0.215963 -1.586164   16.454559 2.335012 6.982791 1.449071   ,0.000000 0.000000   0.000000 0.000000   1.314758 0.641781   0.790184 1.586978   ,0 0 2 2 ,0 0 37 33 ,
157 ,0.000000 0.000000 0.000000 0.000000   0.000000 0.000000 0.000000 0.000000   2.235273 -2.721409 0.289490 -1.624250   17.152838 2.479919 6.982791 1.449071   ,0.000000 0.000000   0.000000 0.000000   2.236773 3.906545   0.790184 1.586978   ,0 0 2 2 ,0 0 37 33 ,
158 ,0.000000 0.000000 0.000000 0.000000   0.000000 0.000000 0.000000 0.000000   2.264222 -2.883834 0.289490 -1.624250   ,0.000000 0.000000   0.000000 0.000000   2.236773 3.906545   ,0 0 2 ,0 0 37 ,
159 ,0.000000 0.000000 0.000000 0.000000   0.000000 0.000000 0.000000 0.000000   0.000000 0.000000 0.000000 0.000000   2.258563 -2.670865 0.120309 -0.688737   ,0.000000 0.000000   0.000000 0.000000   0.000000 0.000000   1.531442 3.334192   ,0 0 0 2 ,0 0 0 37 ,
160 ,0.000000 0.000000 0.000000 0.000000   0.000000 0.000000 0.000000 0.000000   0.000000 0.000000 0.000000 0.000000   2.354905 -2.776162 0.307012 -0.829823   ,0.000000 0.000000   0.000000 0.000000   0.000000 0.000000   1.288189 3.499252   ,0 0 0 2 ,0 0 0 37 ,
161 ,0.000000 0.000000 0.000000 0.000000   14.234056 1.804287 6.468463 0.802529   0.000000 0.000000 0.000000 0.000000   41.556641 14.032690 9.105394 3.075911   2.418156 -2.876533 0.396151 -0.916667   ,0.000000 0.000000   4.380409 2.042827   0.000000 0.000000   0.472786 1.034592   1.144587 3.218224   ,0 2 0 2 2 ,0 49 0 36 37 ,
162 ,0.000000 0.000000 0.000000 0.000000   14.959244 1.839583 6.752325 0.780350   0.000000 0.000000 0.000000 0.000000   42.465939 14.374920 9.146680 3.104208   2.585295 -2.933915 0.579521 -0.918020   ,0.000000 0.000000   0.739160 2.404713   0.000000 0.000000   0.958538 0.948439   4.623899 3.598075   ,0 2 0 2 2 ,0 49 0 36 37 ,
163 ,0.000000 0.000000 0.000000 0.000000   0.000000 0.000000 0.000000 0.000000   16.720020 -3.955249 -10.293384 2.392479   15.634477 1.917618 6.752325 0.780350   0.000000 0.000000 0.000000 0.000000   43.375404 14.737848 9.193099 3.146575   2.830438 -2.981812 0.960967 -1.052605   ,0.000000 0.000000   0.000000 0.000000   3.877775 5.114316   0.739160 2.404713   0.000000 0.000000   0.588440 1.302631   1.733272 1.084868   ,0 0 2 2 0 2 2 ,0 0 50 49 0 36 37 ,
164 ,0.000000 0.000000 0.000000 0.000000   15.491741 -3.998117 -10.658547 2.322481   16.341169 2.103365 6.893746 0.957437   44.283058 15.089108 9.192653 3.168207   3.307030 -2.895325 1.674900 -1.106899   ,0.000000 0.000000   2.975327 3.819972   0.993959 1.233020   1.012516 1.484159   1.794659 0.766191   ,0 2 2 2 2 ,0 50 49 36 37 ,
165 ,0.000000 0.000000 0.000000 0.000000   14.380196 -4.048577 -10.651371 2.134307   17.039110 2.306910 6.973101 1.140351   45.212921 15.435331 9.277063 3.213695   3.797395 -2.704051 2.339276 -1.010554   ,0.000000 0.000000   3.584184 1.923674   0.846058 1.101404   1.031422 2.285708   2.074383 1.063663   ,0 2 2 2 2 ,0 50 49 36 37 ,